x,y,timestamp
691,629,54505258
693,546,54505266
705,540,54505270
692,536,54505274
714,549,54505278
694,565,54505282
711,581,54505286
689,591,54505290
700,600,54505294
682,607,54505298
687,613,54505302
674,620,54505306
681,630,54505310
672,639,54505314
678,645,54505318
668,652,54505322
687,682,54505326
693,678,54505330
752,815,54505334
675,915,54505339
698,951,54505343
672,978,54505347
676,987,54505351
684,984,54505355
683,990,54505359
687,993,54505363
688,998,54505367
684,995,54505371
684,997,54505375
686,995,54505379
684,997,54505383
691,994,54505387
689,994,54505391
696,990,54505395
695,991,54505399
697,983,54505403
698,983,54505407
697,987,54505411
696,986,54505415
698,988,54505419
695,986,54505423
699,989,54505427
700,988,54505431
697,987,54505435
695,985,54505439
698,984,54505443
695,981,54505447
697,979,54505451
696,976,54505456
694,976,54505460
692,972,54505464
689,974,54505468
689,975,54505472
684,976,54505476
685,978,54505480
686,978,54505484
688,983,54505488
687,980,54505492
689,983,54505496
690,980,54505500
693,985,54505504
692,981,54505508
691,980,54505512
697,981,54505516
697,973,54505520
701,959,54505524
695,918,54505528
703,874,54505532
709,847,54505536
705,814,54505540
718,803,54505544
715,769,54505548
739,682,54505552
728,658,54505556
716,730,54505560
715,732,54505564
716,716,54505569
719,717,54505573
715,716,54505577
718,720,54505581
714,719,54505585
711,718,54505589
707,715,54505593
702,717,54505597
699,716,54505601
697,716,54505605
696,718,54505609
700,714,54505613
697,713,54505617
696,713,54505621
688,703,54505625
684,706,54505629
674,693,54505633
676,695,54505637
667,682,54505641
665,681,54505645
669,675,54505649
668,673,54505653
668,673,54505657
667,674,54505661
668,675,54505665
670,675,54505669
672,677,54505673
678,678,54505677
682,662,54505681
690,660,54505686
690,657,54505690
691,655,54505694
689,655,54505698
694,656,54505702
693,656,54505706
695,654,54505710
695,647,54505714
692,648,54505718
695,649,54505722
697,650,54505726
699,654,54505730
698,658,54505734
698,662,54505738
699,665,54505742
701,667,54505746
700,670,54505750
698,669,54505754
693,674,54505758
679,674,54505762
664,680,54505766
612,652,54505770
564,656,54505774
522,635,54505778
368,765,54505782
346,759,54505786
283,789,54505790
285,788,54505794
283,787,54505798
289,792,54505803
288,791,54505807
291,790,54505811
291,783,54505815
294,781,54505819
292,780,54505823
293,778,54505827
292,777,54505831
295,776,54505835
294,775,54505839
296,774,54505843
323,768,54505847
322,761,54505851
292,765,54505855
295,766,54505859
322,761,54505863
323,760,54505867
322,759,54505871
321,763,54505875
320,762,54505879
308,757,54505883
307,756,54505887
306,757,54505891
271,784,54505895
272,785,54505899
299,779,54505903
298,783,54505907
393,654,54505911
375,646,54505915
358,643,54505920
357,643,54505924
342,655,54505928
341,657,54505932
346,654,54505936
347,655,54505940
352,650,54505944
353,652,54505948
337,646,54505952
339,647,54505956
340,645,54505960
341,644,54505964
339,639,54505968
343,641,54505972
350,631,54505976
352,632,54505980
334,641,54505984
337,645,54505988
334,656,54505996
339,656,54506004
345,667,54506008
347,668,54506012
335,678,54506016
336,673,54506020
339,672,54506024
341,671,54506028
342,672,54506032
342,669,54506037
345,666,54506041
335,664,54506045
323,677,54506049
291,664,54506053
247,679,54506057
223,661,54506061
187,669,54506065
188,668,54506069
176,674,54506073
180,673,54506077
183,670,54506081
189,664,54506085
192,662,54506089
195,663,54506093
191,663,54506097
192,664,54506101
189,668,54506105
191,672,54506109
185,675,54506113
195,670,54506117
192,670,54506121
192,672,54506125
191,670,54506129
190,668,54506133
189,668,54506137
189,667,54506141
190,669,54506145
197,665,54506149
194,663,54506154
193,661,54506158
195,659,54506162
193,658,54506166
195,655,54506170
193,655,54506174
190,651,54506178
185,648,54506182
194,645,54506186
191,644,54506190
198,640,54506194
197,639,54506198
197,637,54506202
195,635,54506206
196,635,54506210
194,633,54506214
196,637,54506218
196,636,54506222
192,639,54506226
192,641,54506230
196,640,54506234
196,643,54506238
193,645,54506242
192,644,54506246
190,650,54506250
191,647,54506254
190,648,54506258
191,649,54506262
189,650,54506267
188,647,54506271
181,650,54506275
181,646,54506279
178,651,54506283
177,651,54506287
175,655,54506291
175,654,54506295
178,655,54506299
177,655,54506303
180,658,54506307
179,653,54506311
169,654,54506315
171,649,54506319
176,652,54506323
177,651,54506327
175,653,54506331
175,654,54506335
180,656,54506339
179,655,54506343
178,653,54506347
189,648,54506351
190,651,54506355
190,653,54506359
191,653,54506363
189,653,54506367
188,652,54506371
185,648,54506375
187,648,54506379
199,650,54506384
199,650,54506388
199,651,54506392
197,656,54506396
195,654,54506400
195,653,54506404
193,652,54506408
189,656,54506412
189,656,54506416
194,665,54506420
194,667,54506424
192,667,54506428
192,665,54506432
189,664,54506436
188,664,54506440
189,661,54506444
188,661,54506448
188,674,54506452
188,673,54506456
185,672,54506460
186,674,54506464
181,673,54506468
181,670,54506472
181,667,54506476
181,667,54506480
170,674,54506484
170,672,54506488
171,665,54506492
169,663,54506496
172,659,54506501
173,656,54506505
175,654,54506509
175,651,54506513
173,650,54506517
159,651,54506521
158,647,54506525
159,645,54506529
158,642,54506533
158,641,54506537
159,637,54506541
159,634,54506545
160,631,54506549
150,631,54506553
150,629,54506557
151,630,54506561
155,628,54506565
157,631,54506569
162,631,54506573
168,638,54506577
187,639,54506581
200,657,54506585
238,658,54506589
245,665,54506593
256,660,54506597
257,657,54506601
248,659,54506605
246,655,54506609
244,656,54506613
242,655,54506618
238,656,54506622
237,655,54506626
233,652,54506630
232,650,54506634
227,651,54506638
226,649,54506642
221,647,54506646
219,641,54506650
216,638,54506654
215,638,54506658
212,636,54506662
211,636,54506666
211,636,54506670
210,636,54506674
205,638,54506678
205,641,54506682
209,636,54506686
210,639,54506690
213,640,54506694
214,641,54506698
215,642,54506702
217,646,54506706
224,645,54506710
224,645,54506714
225,646,54506718
224,649,54506722
227,649,54506726
231,655,54506730
228,655,54506735
229,658,54506739
231,658,54506743
232,659,54506747
235,660,54506751
236,670,54506755
238,668,54506759
240,668,54506763
239,669,54506767
241,668,54506771
242,667,54506775
242,670,54506779
243,667,54506783
249,675,54506787
250,675,54506791
250,676,54506795
252,674,54506799
240,671,54506803
224,678,54506807
212,671,54506811
190,679,54506815
200,683,54506819
195,685,54506823
196,685,54506827
190,681,54506831
189,682,54506835
187,682,54506839
187,681,54506843
181,682,54506847
180,679,54506852
191,684,54506856
190,685,54506860
185,689,54506864
182,686,54506868
178,688,54506872
176,686,54506876
171,684,54506880
169,679,54506884
177,686,54506888
177,684,54506892
181,681,54506896
180,679,54506900
180,682,54506904
178,677,54506908
176,678,54506912
177,677,54506916
186,689,54506920
185,688,54506924
181,685,54506928
182,685,54506932
179,684,54506936
181,685,54506940
184,682,54506944
184,680,54506948
183,679,54506952
191,690,54506956
192,689,54506960
192,690,54506965
193,688,54506969
194,691,54506973
191,689,54506977
190,687,54506981
191,685,54506985
198,688,54506989
198,688,54506993
196,683,54506997
194,679,54507001
193,678,54507005
191,677,54507009
191,675,54507013
191,677,54507017
197,659,54507021
195,660,54507025
194,659,54507029
196,659,54507033
195,659,54507037
192,663,54507041
192,664,54507045
193,666,54507049
206,672,54507053
262,646,54507057
311,677,54507061
428,642,54507065
449,655,54507069
504,639,54507073
536,666,54507077
547,668,54507082
548,668,54507086
539,664,54507090
524,628,54507094
513,633,54507098
519,634,54507102
512,634,54507106
517,641,54507110
516,641,54507114
513,641,54507118
512,645,54507122
510,645,54507126
505,645,54507130
504,648,54507134
504,645,54507138
502,641,54507142
501,642,54507146
498,640,54507150
496,638,54507154
497,647,54507158
497,646,54507162
494,647,54507166
496,641,54507170
495,654,54507174
497,651,54507178
495,658,54507182
498,656,54507186
503,662,54507190
502,663,54507194
502,661,54507199
506,662,54507203
506,662,54507207
501,664,54507211
502,662,54507215
499,661,54507219
501,657,54507223
494,660,54507227
495,659,54507231
494,660,54507235
496,662,54507239
493,665,54507243
492,665,54507247
495,662,54507251
493,659,54507255
491,658,54507259
490,661,54507263
487,664,54507267
487,661,54507271
483,664,54507275
483,667,54507279
480,667,54507283
480,667,54507287
475,661,54507291
471,659,54507295
471,660,54507299
463,658,54507303
446,667,54507307
437,663,54507311
429,669,54507316
429,669,54507320
422,671,54507324
425,672,54507328
428,671,54507332
428,669,54507336
425,670,54507340
426,670,54507344
429,667,54507348
431,667,54507352
432,670,54507356
432,668,54507360
435,666,54507364
436,669,54507368
437,670,54507372
437,668,54507376
437,670,54507380
435,669,54507384
432,667,54507388
434,670,54507392
434,671,54507396
434,669,54507400
433,669,54507404
433,666,54507408
431,664,54507412
430,664,54507416
428,666,54507420
431,667,54507424
428,669,54507428
427,668,54507433
427,669,54507437
427,668,54507441
426,668,54507445
425,665,54507449
427,668,54507453
429,668,54507457
429,667,54507461
428,669,54507465
431,671,54507469
430,672,54507473
431,672,54507477
431,670,54507481
432,672,54507485
433,673,54507489
436,663,54507493
436,663,54507497
437,666,54507501
436,666,54507505
436,667,54507509
435,668,54507513
436,670,54507517
436,671,54507521
436,655,54507525
437,657,54507529
437,662,54507533
436,659,54507537
435,660,54507541
435,663,54507545
438,664,54507550
441,665,54507554
443,655,54507558
444,656,54507562
445,657,54507566
445,660,54507570
446,662,54507574
446,661,54507578
444,660,54507582
445,660,54507586
447,660,54507590
450,663,54507594
454,660,54507598
468,669,54507602
503,659,54507606
525,670,54507610
574,656,54507614
591,663,54507618
604,659,54507622
613,669,54507626
604,676,54507630
603,674,54507634
591,670,54507638
589,668,54507642
584,670,54507646
582,668,54507650
584,668,54507654
589,672,54507658
586,672,54507663
584,671,54507667
580,670,54507671
579,670,54507675
577,671,54507679
576,667,54507683
577,669,54507687
582,675,54507691
585,673,54507695
584,672,54507699
588,672,54507703
594,679,54507707
629,674,54507711
645,688,54507715
682,682,54507719
682,690,54507723
672,702,54507727
669,698,54507731
664,694,54507735
664,694,54507739
664,693,54507743
664,693,54507747
661,692,54507751
659,689,54507755
659,689,54507759
659,688,54507763
657,686,54507767
656,685,54507771
655,683,54507775
654,683,54507780
652,684,54507784
655,686,54507788
660,685,54507792
659,685,54507796
654,686,54507800
652,684,54507804
650,684,54507808
650,685,54507812
651,686,54507816
652,684,54507820
654,683,54507824
660,679,54507828
660,682,54507832
659,682,54507836
661,683,54507840
661,683,54507844
661,686,54507848
659,687,54507852
662,689,54507856
674,681,54507860
670,681,54507864
669,678,54507868
670,680,54507872
668,680,54507876
667,683,54507880
666,682,54507884
663,684,54507888
680,674,54507892
678,675,54507897
677,676,54507901
674,679,54507905
671,682,54507909
668,681,54507913
668,682,54507917
674,681,54507921
688,690,54507925
731,672,54507929
747,684,54507933
774,674,54507937
776,678,54507941
770,681,54507945
768,679,54507949
756,683,54507953
754,682,54507957
755,676,54507961
753,676,54507965
751,676,54507969
748,678,54507973
747,679,54507977
746,675,54507981
744,677,54507985
743,677,54507989
749,675,54507993
746,674,54507997
746,679,54508001
745,679,54508005
741,681,54508009
740,681,54508014
740,685,54508018
740,686,54508022
747,686,54508026
746,685,54508030
750,687,54508034
752,689,54508038
752,688,54508042
750,689,54508046
748,690,54508050
749,693,54508054
748,693,54508058
753,694,54508062
750,693,54508066
750,697,54508070
752,696,54508074
751,697,54508078
748,697,54508082
747,696,54508086
746,695,54508090
750,694,54508094
749,693,54508098
746,693,54508102
745,694,54508106
743,693,54508110
739,695,54508114
738,692,54508118
739,692,54508122
741,691,54508126
741,693,54508131
740,693,54508135
741,693,54508139
745,693,54508143
760,686,54508147
783,686,54508151
833,658,54508155
852,655,54508159
900,630,54508163
918,633,54508167
935,622,54508171
941,623,54508175
948,616,54508179
948,617,54508183
943,614,54508187
941,614,54508191
942,608,54508195
940,606,54508199
940,603,54508203
940,604,54508207
937,601,54508211
936,598,54508215
935,597,54508219
935,596,54508223
939,588,54508227
938,588,54508231
942,585,54508235
942,589,54508239
938,591,54508243
936,590,54508248
935,592,54508252
938,594,54508256
931,597,54508260
931,595,54508264
930,599,54508268
929,598,54508272
929,600,54508276
929,599,54508280
927,602,54508284
926,601,54508288
928,604,54508292
925,602,54508296
924,604,54508300
924,603,54508304
924,606,54508308
925,605,54508312
923,609,54508316
923,609,54508320
924,609,54508324
925,606,54508328
926,605,54508332
926,604,54508336
925,606,54508340
925,606,54508344
926,606,54508348
926,605,54508352
927,605,54508356
926,606,54508361
928,610,54508365
930,611,54508369
929,611,54508373
928,612,54508377
928,612,54508381
926,613,54508385
923,614,54508389
923,614,54508393
926,620,54508397
925,620,54508401
924,620,54508405
925,620,54508409
923,621,54508413
922,618,54508417
920,617,54508421
920,617,54508425
921,618,54508429
921,617,54508433
923,615,54508437
925,615,54508441
924,617,54508445
925,617,54508449
930,619,54508453
937,618,54508457
962,605,54508461
977,605,54508465
1004,584,54508469
1010,585,54508473
1011,584,54508478
1011,585,54508482
1004,584,54508486
1004,584,54508490
1005,589,54508494
1012,591,54508498
1011,588,54508502
1011,588,54508506
1012,587,54508510
1010,585,54508514
1008,582,54508518
1006,582,54508522
1004,580,54508526
1007,582,54508530
1005,582,54508534
1006,583,54508538
1003,590,54508542
1003,589,54508546
1001,592,54508550
1000,593,54508554
997,599,54508558
1000,601,54508562
1001,604,54508566
1001,605,54508570
1002,605,54508574
1002,606,54508578
1002,607,54508582
1000,608,54508586
1003,608,54508590
1004,606,54508595
1005,607,54508599
1004,605,54508603
1003,606,54508607
1004,608,54508611
1004,606,54508615
1003,607,54508619
1004,604,54508623
1003,603,54508627
1006,600,54508631
1005,601,54508635
1006,599,54508639
1005,599,54508643
1005,596,54508647
1004,597,54508651
1003,594,54508655
1002,595,54508659
1000,596,54508663
1000,596,54508667
1003,596,54508671
1002,597,54508675
999,595,54508679
998,594,54508683
1001,595,54508687
996,598,54508691
991,601,54508695
985,608,54508699
976,617,54508703
972,617,54508707
964,620,54508712
963,622,54508716
964,618,54508720
965,618,54508724
965,615,54508728
968,615,54508732
970,617,54508736
972,617,54508740
970,616,54508744
968,615,54508748
965,611,54508752
966,611,54508756
968,610,54508760
969,612,54508764
971,609,54508768
971,608,54508772
967,611,54508776
968,611,54508780
966,611,54508784
966,612,54508788
969,611,54508792
969,610,54508796
966,607,54508800
966,609,54508804
965,609,54508808
964,609,54508812
965,609,54508816
964,609,54508820
967,610,54508824
968,610,54508829
964,603,54508833
965,605,54508837
964,606,54508841
963,607,54508845
964,608,54508849
965,608,54508853
964,610,54508857
963,611,54508861
961,608,54508865
961,609,54508869
963,610,54508873
964,613,54508877
967,617,54508881
968,618,54508885
969,620,54508889
969,621,54508893
966,625,54508897
967,625,54508901
967,627,54508905
966,625,54508909
967,623,54508913
966,621,54508917
970,619,54508921
969,620,54508925
972,618,54508929
971,622,54508933
973,622,54508937
973,621,54508941
972,621,54508946
972,622,54508950
976,620,54508954
976,619,54508958
987,612,54508962
995,613,54508966
1014,604,54508970
1019,605,54508974
1024,598,54508978
1025,596,54508982
1023,596,54508986
1025,598,54508990
1027,597,54508994
1029,592,54508998
1026,591,54509002
1027,591,54509006
1026,592,54509010
1025,592,54509014
1024,593,54509018
1023,592,54509022
1026,591,54509026
1024,593,54509030
1026,592,54509034
1028,591,54509038
1025,594,54509042
1024,596,54509046
1024,597,54509050
1024,598,54509054
1021,603,54509059
1020,604,54509063
1027,603,54509067
1027,602,54509071
1028,602,54509075
1026,606,54509079
1021,608,54509083
1019,607,54509087
1021,609,54509091
1021,612,54509095
1026,610,54509099
1026,611,54509103
1022,613,54509107
1020,613,54509111
1020,613,54509115
1018,616,54509119
1016,614,54509123
1014,614,54509127
1012,612,54509131
1018,616,54509135
1019,614,54509139
1019,615,54509143
1018,613,54509147
1017,612,54509151
1015,612,54509155
1016,612,54509159
1015,607,54509163
1019,609,54509167
1017,605,54509171
1018,605,54509176
1018,602,54509180
1017,600,54509184
1015,602,54509188
1018,601,54509192
1017,597,54509196
1026,599,54509200
1023,601,54509204
1023,600,54509208
1024,599,54509212
1024,597,54509216
1021,598,54509220
1023,597,54509224
1031,598,54509228
1048,600,54509232
1104,588,54509236
1119,594,54509240
1150,580,54509244
1151,578,54509248
1130,582,54509252
1125,578,54509256
1117,581,54509260
1116,580,54509264
1130,578,54509268
1126,575,54509272
1127,576,54509276
1123,572,54509280
1117,575,54509284
1115,572,54509288
1110,574,54509293
1108,572,54509297
1126,561,54509301
1124,559,54509305
1118,563,54509309
1118,564,54509313
1120,565,54509317
1118,564,54509321
1113,569,54509325
1113,570,54509329
1136,556,54509333
1134,559,54509337
1126,567,54509341
1124,568,54509345
1124,573,54509349
1122,575,54509353
1121,577,54509357
1120,580,54509361
1117,583,54509365
1139,574,54509369
1139,575,54509373
1136,575,54509377
1135,576,54509381
1132,575,54509385
1126,583,54509389
1121,584,54509393
1117,587,54509397
1135,587,54509401
1133,589,54509405
1129,589,54509410
1125,592,54509414
1122,587,54509418
1122,588,54509422
1118,586,54509426
1118,588,54509430
1132,592,54509434
1125,594,54509438
1124,592,54509442
1116,592,54509446
1115,594,54509450
1109,593,54509454
1107,594,54509458
1101,593,54509462
1099,591,54509466
1103,592,54509470
1100,591,54509474
1100,591,54509478
1099,591,54509482
1095,588,54509486
1094,588,54509490
1093,589,54509494
1092,588,54509498
1089,592,54509502
1090,590,54509506
1092,586,54509510
1103,593,54509514
1134,588,54509518
1165,606,54509522
1214,603,54509527
1234,611,54509531
1284,608,54509535
1303,613,54509539
1318,614,54509543
1324,616,54509547
1316,615,54509551
1317,615,54509555
1311,616,54509559
1309,616,54509563
1311,615,54509567
1310,609,54509571
1314,605,54509575
1313,604,54509579
1313,604,54509583
1311,600,54509587
1309,602,54509591
1307,599,54509595
1312,597,54509599
1309,597,54509603
1313,595,54509607
1311,605,54509611
1311,604,54509615
1306,609,54509619
1303,608,54509623
1302,608,54509627
1304,606,54509631
1300,608,54509635
1301,608,54509639
1301,609,54509644
1299,611,54509648
1300,612,54509652
1300,611,54509656
1301,611,54509660
1299,610,54509664
1294,610,54509668
1298,609,54509672
1300,612,54509676
1297,614,54509680
1300,612,54509684
1302,610,54509688
1301,612,54509692
1307,610,54509696
1307,610,54509700
1305,611,54509704
1305,612,54509708
1306,614,54509712
1307,616,54509716
1307,617,54509720
1308,618,54509724
1308,621,54509728
1306,619,54509732
1305,620,54509736
1304,619,54509740
1306,619,54509744
1307,620,54509748
1304,620,54509752
1303,621,54509757
1301,622,54509761
1299,620,54509765
1298,621,54509769
1298,620,54509773
1297,620,54509777
1296,619,54509781
1298,619,54509785
1298,618,54509789
1293,618,54509793
1293,621,54509797
1292,620,54509801
1289,616,54509805
1292,618,54509809
1294,619,54509813
1292,617,54509817
1291,616,54509821
1291,620,54509825
1292,621,54509829
1291,618,54509833
1288,618,54509837
1285,619,54509841
1283,618,54509845
1283,618,54509849
1282,619,54509853
1281,618,54509857
1283,621,54509861
1287,620,54509865
1285,621,54509869
1283,623,54509874
1282,623,54509878
1283,620,54509882
1284,619,54509886
1288,621,54509890
1289,623,54509894
1292,622,54509898
1293,621,54509902
1293,620,54509906
1293,628,54509910
1298,634,54509914
1300,664,54509918
1313,692,54509922
1317,733,54509926
1319,765,54509930
1318,794,54509934
1309,817,54509938
1306,816,54509942
1304,819,54509946
1307,818,54509950
1315,810,54509954
1313,812,54509958
1316,815,54509962
1318,817,54509966
1319,815,54509970
1318,814,54509974
1317,812,54509978
1317,815,54509982
1322,812,54509986
1322,813,54509991
1325,813,54509995
1327,816,54509999
1326,820,54510003
1325,825,54510007
1330,824,54510011
1332,825,54510015
1332,823,54510019
1330,821,54510023
1334,819,54510027
1333,819,54510031
1335,820,54510035
1332,820,54510039
1330,821,54510043
1329,821,54510047
1332,818,54510051
1333,817,54510055
1333,818,54510059
1334,819,54510063
1336,818,54510067
1332,820,54510071
1333,822,54510075
1333,820,54510079
1335,819,54510083
1337,822,54510087
1335,821,54510091
1333,814,54510095
1334,817,54510099
1334,823,54510103
1334,823,54510108
1335,822,54510112
1334,824,54510116
1336,826,54510120
1335,827,54510124
1336,827,54510128
1335,828,54510132
1335,828,54510136
1330,832,54510140
1332,830,54510144
1330,830,54510148
1331,832,54510152
1330,832,54510156
1328,829,54510160
1325,830,54510164
1324,830,54510168
1320,832,54510172
1321,836,54510176
1321,832,54510180
1322,834,54510184
1320,836,54510188
1321,836,54510192
1323,836,54510196
1322,835,54510200
1322,836,54510204
1323,835,54510208
1322,833,54510212
1322,831,54510216
1321,834,54510220
1321,833,54510225
1320,833,54510229
1319,832,54510233
1321,832,54510237
1321,835,54510241
1321,837,54510245
1323,839,54510249
1322,840,54510253
1320,838,54510257
1318,842,54510261
1319,841,54510265
1316,846,54510269
1315,845,54510273
1308,845,54510277
1307,845,54510281
1304,847,54510285
1305,849,54510289
1303,851,54510293
1304,851,54510297
1303,853,54510301
1301,852,54510305
1299,854,54510309
1298,855,54510313
1295,858,54510317
1295,858,54510321
1293,860,54510325
1294,859,54510329
1298,862,54510333
1299,862,54510337
1297,858,54510342
1298,860,54510346
1299,862,54510350
1300,863,54510354
1304,861,54510358
1303,859,54510362
1303,861,54510366
1303,861,54510370
1301,859,54510374
1299,859,54510378
1299,860,54510382
1299,861,54510386
1300,862,54510390
1300,862,54510394
1298,862,54510398
1299,863,54510402
1296,865,54510406
1295,865,54510410
1295,866,54510414
1296,866,54510418
1296,863,54510422
1296,868,54510426
1296,873,54510430
1298,894,54510434
1307,914,54510438
1307,935,54510442
1313,947,54510446
1315,955,54510450
1314,962,54510455
1313,956,54510459
1316,951,54510463
1317,951,54510467
1318,950,54510471
1319,948,54510475
1315,950,54510479
1315,950,54510483
1320,948,54510487
1318,947,54510491
1320,946,54510495
1320,945,54510499
1321,948,54510503
1321,947,54510507
1316,946,54510511
1316,948,54510515
1315,952,54510519
1315,950,54510523
1309,950,54510527
1308,948,54510531
1307,950,54510535
1305,951,54510539
1304,954,54510543
1302,953,54510547
1301,956,54510551
1302,957,54510555
1303,957,54510559
1303,955,54510563
1301,955,54510567
1300,954,54510572
1299,957,54510576
1300,958,54510580
1300,956,54510584
1300,956,54510588
1299,960,54510592
1298,959,54510596
1301,959,54510600
1298,958,54510604
1294,954,54510608
1294,954,54510612
1296,952,54510616
1295,951,54510620
1293,947,54510624
1293,948,54510628
1294,945,54510632
1293,941,54510636
1290,941,54510640
1290,944,54510644
1286,944,54510648
1261,928,54510652
1228,936,54510656
1159,886,54510660
1076,950,54510664
1030,926,54510668
945,967,54510672
923,953,54510676
898,938,54510680
906,941,54510684
874,971,54510689
883,975,54510693
883,977,54510697
889,978,54510701
920,951,54510705
919,953,54510709
918,954,54510713
922,957,54510717
894,964,54510721
896,963,54510725
896,964,54510729
895,961,54510733
895,962,54510737
891,967,54510741
891,968,54510745
893,968,54510749
893,970,54510753
895,971,54510757
895,972,54510761
896,974,54510765
896,975,54510769
893,973,54510773
893,953,54510777
894,955,54510781
890,980,54510785
891,983,54510789
895,961,54510793
896,963,54510797
896,964,54510801
898,967,54510806
895,970,54510810
897,972,54510814
897,973,54510818
897,974,54510822
897,975,54510826
899,978,54510830
898,979,54510834
899,982,54510838
898,983,54510842
897,984,54510846
896,986,54510850
896,986,54510854
895,988,54510858
896,991,54510862
896,992,54510866
894,993,54510870
893,995,54510874
893,998,54510878
892,999,54510882
889,998,54510886
889,1000,54510890
862,992,54510894
834,999,54510898
784,970,54510902
723,1006,54510906
702,995,54510910
644,1007,54510914
632,1005,54510918
603,1012,54510923
605,1013,54510927
605,1014,54510931
609,1014,54510935
609,1016,54510939
607,1016,54510943
606,1018,54510947
609,1017,54510951
608,1019,54510955
611,1019,54510959
611,1021,54510963
614,1022,54510967
614,1024,54510971
610,1024,54510975
610,1025,54510979
612,1031,54510983
611,1032,54510987
613,1035,54510991
613,1037,54510995
615,1037,54510999
615,1039,54511003
615,1042,54511007
611,1044,54511011
612,1046,54511015
645,1019,54511019
646,1019,54511023
616,1027,54511027
617,1025,54511031
616,1027,54511035
616,1028,54511040
612,1031,54511044
613,1030,54511048
613,1032,54511052
612,1032,54511056
612,1034,54511060
612,1032,54511064
611,1033,54511068
609,1034,54511072
606,1037,54511076
606,1034,54511080
605,1036,54511084
604,1036,54511088
604,1038,54511092
605,1037,54511096
605,1038,54511100
604,1037,54511104
603,1038,54511108
605,1043,54511112
609,1022,54511116
606,1021,54511120
606,1023,54511124
585,1018,54511128
550,1049,54511132
503,1041,54511136
467,1041,54511140
441,1049,54511144
407,1060,54511148
396,1065,54511153
365,1069,54511157
362,1065,54511161
337,1072,54511165
340,1076,54511169
326,1088,54511173
322,1096,54511177
318,1101,54511181
317,1101,54511185
311,1103,54511189
312,1104,54511193
314,1102,54511197
314,1102,54511201
316,1100,54511205
316,1098,54511209
309,1104,54511213
309,1103,54511217
308,1105,54511221
306,1103,54511225
308,1120,54511229
307,1120,54511233
316,1126,54511237
317,1129,54511241
321,1134,54511245
320,1135,54511249
325,1136,54511253
324,1134,54511257
324,1135,54511261
324,1134,54511265
322,1135,54511270
320,1134,54511274
317,1136,54511278
317,1135,54511282
318,1138,54511286
315,1137,54511290
318,1134,54511294
318,1133,54511298
319,1131,54511302
318,1129,54511306
318,1131,54511310
318,1130,54511314
313,1134,54511318
313,1131,54511322
315,1129,54511326
316,1128,54511330
314,1126,54511334
315,1126,54511338
317,1125,54511342
318,1127,54511346
317,1125,54511350
318,1124,54511354
321,1123,54511358
323,1126,54511362
323,1126,54511366
326,1129,54511370
336,1127,54511374
352,1143,54511378
404,1131,54511382
423,1142,54511387
483,1123,54511391
501,1138,54511395
525,1131,54511399
532,1134,54511403
524,1133,54511407
522,1133,54511411
520,1132,54511415
518,1132,54511419
515,1132,54511423
516,1131,54511427
514,1130,54511431
513,1126,54511435
510,1128,54511439
509,1124,54511443
505,1126,54511447
504,1124,54511451
501,1118,54511455
501,1116,54511459
501,1117,54511463
503,1125,54511467
501,1125,54511471
500,1125,54511475
497,1127,54511479
496,1127,54511483
500,1128,54511487
502,1127,54511491
502,1126,54511495
503,1122,54511499
507,1121,54511504
507,1117,54511508
509,1116,54511512
509,1114,54511516
512,1112,54511520
511,1109,54511524
514,1109,54511528
513,1107,54511532
514,1109,54511536
514,1107,54511540
518,1104,54511544
518,1105,54511548
518,1104,54511552
518,1103,54511556
514,1103,54511560
514,1101,54511564
515,1101,54511568
514,1098,54511572
513,1099,54511576
512,1101,54511580
509,1104,54511584
510,1103,54511588
507,1107,54511592
509,1110,54511596
506,1113,54511600
507,1111,54511604
501,1116,54511608
500,1121,54511612
495,1123,54511616
495,1129,54511621
494,1138,54511625
494,1167,54511629
493,1201,54511633
500,1239,54511637
517,1269,54511641
525,1291,54511645
531,1303,54511649
529,1302,54511653
534,1299,54511657
532,1295,54511661
534,1293,54511665
532,1296,54511669
533,1293,54511673
531,1292,54511677
534,1289,54511681
535,1289,54511685
538,1286,54511689
537,1283,54511693
542,1278,54511697
541,1282,54511701
543,1282,54511705
542,1281,54511709
541,1281,54511713
543,1284,54511717
550,1283,54511721
569,1310,54511725
628,1300,54511729
650,1317,54511733
705,1310,54511738
718,1326,54511742
719,1329,54511746
722,1333,54511750
721,1335,54511754
720,1337,54511758
716,1339,54511762
713,1340,54511766
711,1340,54511770
712,1342,54511774
709,1345,54511778
708,1345,54511782
709,1347,54511786
710,1349,54511790
705,1351,54511794
706,1356,54511798
703,1356,54511802
703,1358,54511806
707,1356,54511810
707,1368,54511814
706,1366,54511818
705,1368,54511822
703,1368,54511826
702,1367,54511830
702,1365,54511834
702,1364,54511838
703,1363,54511842
700,1360,54511846
699,1360,54511850
698,1361,54511855
700,1360,54511859
699,1358,54511863
698,1356,54511867
697,1354,54511871
698,1353,54511875
698,1351,54511879
698,1350,54511883
698,1350,54511887
694,1350,54511891
695,1348,54511895
694,1348,54511899
694,1347,54511903
693,1347,54511907
692,1347,54511911
693,1348,54511915
693,1349,54511919
694,1349,54511923
695,1351,54511927
694,1351,54511931
693,1349,54511935
690,1349,54511939
691,1350,54511943
693,1350,54511947
693,1351,54511951
692,1352,54511955
694,1356,54511959
694,1356,54511963
695,1356,54511968
696,1355,54511972
698,1357,54511976
699,1355,54511980
714,1359,54511984
747,1349,54511988
763,1358,54511992
796,1338,54511996
800,1339,54512000
798,1342,54512004
799,1342,54512008
798,1339,54512012
798,1337,54512016
798,1334,54512020
798,1334,54512024
798,1331,54512028
797,1328,54512032
797,1329,54512036
796,1327,54512040
797,1324,54512044
797,1320,54512048
798,1318,54512052
796,1316,54512056
800,1312,54512060
798,1312,54512064
803,1309,54512068
802,1309,54512072
797,1309,54512076
796,1309,54512080
795,1309,54512085
794,1309,54512089
793,1308,54512093
793,1307,54512097
793,1310,54512101
793,1309,54512105
795,1310,54512109
796,1310,54512113
798,1309,54512117
797,1310,54512121
795,1314,54512125
795,1313,54512129
791,1315,54512133
790,1314,54512137
785,1316,54512141
786,1315,54512145
786,1315,54512149
785,1315,54512153
786,1314,54512157
786,1314,54512161
783,1318,54512165
783,1318,54512169
782,1318,54512173
782,1319,54512177
781,1317,54512181
780,1318,54512185
778,1320,54512189
776,1321,54512193
780,1320,54512197
784,1320,54512202
792,1317,54512206
809,1318,54512210
861,1292,54512214
880,1295,54512218
932,1263,54512222
946,1267,54512230
968,1260,54512238
974,1263,54512246
964,1268,54512250
965,1268,54512258
963,1263,54512266
961,1267,54512274
960,1265,54512282
959,1267,54512290
957,1266,54512294
957,1266,54512302
958,1267,54512310
957,1263,54512314
952,1265,54512319
949,1266,54512323
950,1268,54512327
951,1267,54512331
955,1265,54512335
958,1269,54512339
953,1273,54512343
958,1278,54512347
957,1279,54512351
957,1281,54512355
956,1280,54512359
955,1281,54512363
958,1282,54512367
959,1284,54512371
956,1283,54512375
955,1284,54512379
954,1287,54512383
954,1285,54512387
952,1286,54512391
952,1286,54512395
953,1287,54512399
954,1285,54512403
947,1286,54512407
946,1284,54512411
947,1286,54512415
947,1287,54512419
947,1288,54512423
948,1286,54512427
949,1288,54512431
949,1289,54512436
948,1289,54512440
947,1285,54512444
945,1289,54512448
945,1286,54512452
941,1284,54512456
941,1284,54512460
940,1283,54512464
940,1283,54512468
936,1282,54512472
936,1281,54512476
935,1278,54512480
935,1283,54512484
932,1284,54512488
929,1287,54512492
919,1294,54512496
897,1294,54512500
872,1313,54512504
850,1312,54512508
817,1329,54512512
802,1329,54512516
780,1347,54512520
782,1350,54512524
773,1353,54512528
777,1357,54512532
781,1352,54512536
784,1353,54512540
786,1354,54512544
787,1352,54512548
786,1350,54512553
789,1353,54512557
790,1355,54512561
791,1353,54512565
796,1352,54512569
795,1349,54512573
793,1354,54512577
792,1354,54512581
788,1358,54512585
789,1356,54512589
790,1360,54512593
790,1362,54512597
792,1360,54512601
791,1361,54512605
794,1360,54512609
794,1361,54512613
797,1364,54512617
795,1364,54512621
800,1364,54512625
799,1364,54512629
802,1364,54512633
801,1362,54512637
802,1360,54512641
801,1362,54512645
802,1360,54512649
800,1357,54512653
800,1355,54512657
800,1354,54512661
799,1354,54512666
798,1353,54512670
796,1353,54512674
798,1353,54512678
798,1353,54512682
796,1353,54512686
793,1354,54512690
793,1353,54512694
792,1351,54512698
793,1352,54512702
789,1351,54512706
791,1353,54512710
788,1349,54512714
789,1349,54512718
788,1348,54512722
788,1350,54512726
788,1352,54512730
790,1355,54512734
795,1354,54512738
807,1362,54512742
843,1338,54512746
865,1333,54512750
950,1275,54512754
1013,1309,54512758
1093,1250,54512762
1128,1245,54512766
1178,1215,54512770
1203,1217,54512774
1249,1194,54512778
1266,1200,54512783
1269,1192,54512787
1265,1189,54512791
1255,1193,54512795
1254,1192,54512799
1247,1196,54512803
1243,1194,54512807
1239,1199,54512811
1237,1197,54512815
1233,1196,54512819
1227,1193,54512823
1224,1196,54512827
1220,1191,54512831
1218,1193,54512835
1220,1197,54512839
1220,1200,54512843
1217,1201,54512847
1219,1201,54512851
1221,1206,54512855
1222,1204,54512859
1220,1206,54512863
1223,1208,54512867
1222,1207,54512871
1225,1208,54512875
1224,1209,54512879
1225,1210,54512883
1222,1209,54512887
1223,1206,54512891
1222,1205,54512895
1224,1205,54512900
1225,1203,54512904
1227,1203,54512908
1226,1203,54512912
1222,1203,54512916
1222,1201,54512920
1223,1200,54512924
1224,1198,54512928
1222,1202,54512932
1224,1205,54512936
1223,1206,54512940
1224,1202,54512944
1217,1202,54512948
1217,1203,54512952
1216,1203,54512956
1216,1199,54512960
1213,1199,54512964
1213,1196,54512968
1213,1196,54512972
1216,1195,54512976
1212,1197,54512980
1210,1193,54512984
1208,1196,54512988
1208,1194,54512992
1210,1191,54512996
1209,1188,54513000
1207,1189,54513004
1208,1183,54513008
1225,1163,54513012
1240,1151,54513017
1270,1116,54513021
1280,1104,54513025
1283,1087,54513029
1289,1075,54513033
1290,1068,54513037
1295,1068,54513041
1295,1065,54513045
1295,1066,54513049
1294,1071,54513053
1291,1072,54513057
1296,1069,54513061
1295,1068,54513065
1294,1069,54513069
1293,1069,54513073
1294,1071,54513077
1293,1069,54513081
1295,1069,54513085
1297,1069,54513089
1296,1070,54513093
1294,1070,54513097
1295,1071,54513101
1292,1072,54513105
1289,1074,54513109
1289,1074,54513113
1289,1072,54513117
1292,1073,54513121
1291,1073,54513125
1291,1074,54513129
1291,1075,54513134
1291,1079,54513138
1288,1077,54513142
1286,1078,54513146
1282,1075,54513150
1285,1075,54513154
1281,1074,54513158
1281,1076,54513162
1277,1080,54513166
1276,1079,54513170
1276,1076,54513174
1276,1076,54513178
1272,1077,54513182
1273,1079,54513186
1272,1079,54513190
1270,1079,54513194
1269,1077,54513198
1269,1073,54513202
1266,1072,54513206
1266,1071,54513210
1266,1069,54513214
1266,1067,54513218
1266,1070,54513222
1266,1067,54513226
1264,1064,54513230
1264,1063,54513234
1262,1065,54513238
1263,1066,54513242
1265,1061,54513246
1263,1060,54513251
1263,1061,54513255
1265,1062,54513259
1266,1061,54513263
1263,1061,54513267
1263,1061,54513271
1263,1061,54513275
1271,1062,54513279
1271,1062,54513283
1272,1062,54513287
1273,1071,54513291
1277,1077,54513295
1269,1095,54513299
1275,1114,54513303
1265,1141,54513307
1257,1176,54513311
1255,1204,54513315
1252,1228,54513319
1254,1245,54513323
1258,1256,54513327
1262,1255,54513331
1260,1249,54513335
1263,1249,54513339
1270,1249,54513343
1271,1249,54513347
1274,1245,54513351
1277,1245,54513355
1283,1245,54513359
1284,1248,54513364
1283,1245,54513368
1285,1248,54513372
1289,1249,54513376
1290,1252,54513380
1285,1253,54513384
1288,1253,54513388
1288,1253,54513392
1287,1251,54513396
1287,1254,54513400
1284,1251,54513404
1283,1248,54513408
1283,1249,54513412
1285,1252,54513416
1284,1254,54513420
1281,1253,54513424
1280,1254,54513428
1279,1256,54513432
1279,1255,54513436
1275,1259,54513440
1274,1258,54513444
1278,1259,54513448
1275,1254,54513452
1276,1257,54513456
1275,1253,54513460
1273,1253,54513464
1274,1252,54513468
1277,1252,54513472
1275,1249,54513476
1274,1248,54513481
1272,1245,54513485
1277,1248,54513489
1275,1245,54513493
1274,1239,54513497
1272,1234,54513501
1276,1234,54513505
1274,1230,54513509
1271,1227,54513513
1269,1224,54513517
1272,1221,54513521
1270,1221,54513525
1269,1222,54513529
1267,1222,54513533
1265,1221,54513537
1254,1224,54513541
1239,1239,54513545
1227,1239,54513549
1205,1264,54513553
1207,1266,54513557
1205,1268,54513561
1207,1268,54513565
1209,1263,54513569
1212,1263,54513573
1211,1268,54513577
1213,1269,54513581
1213,1268,54513585
1213,1266,54513589
1214,1274,54513593
1218,1274,54513598
1222,1275,54513602
1224,1274,54513606
1226,1276,54513610
1228,1275,54513614
1227,1275,54513618
1227,1272,54513622
1230,1274,54513626
1230,1272,54513630
1234,1270,54513634
1234,1269,54513638
1237,1265,54513642
1237,1264,54513646
1237,1265,54513650
1238,1266,54513654
1237,1265,54513658
1235,1265,54513662
1236,1266,54513666
1236,1265,54513670
1235,1263,54513674
1235,1263,54513678
1234,1261,54513682
1235,1262,54513686
1237,1261,54513690
1237,1263,54513694
1240,1261,54513698
1241,1262,54513702
1234,1262,54513706
1235,1262,54513710
1236,1259,54513715
1235,1259,54513719
1235,1262,54513723
1233,1262,54513727
1231,1264,54513731
1232,1267,54513735
1233,1267,54513739
1233,1268,54513743
1232,1270,54513747
1229,1269,54513751
1228,1271,54513755
1229,1274,54513759
1227,1277,54513763
1226,1278,54513767
1225,1281,54513771
1222,1281,54513775
1221,1287,54513779
1220,1286,54513783
1223,1287,54513787
1221,1289,54513791
1215,1293,54513795
1214,1296,54513799
1216,1297,54513803
1214,1294,54513807
1214,1297,54513811
1212,1297,54513815
1210,1298,54513819
1209,1300,54513823
1210,1301,54513827
1210,1300,54513832
1209,1302,54513836
1217,1313,54513840
1234,1311,54513844
1249,1326,54513848
1272,1316,54513852
1280,1324,54513856
1281,1318,54513860
1284,1319,54513864
1278,1319,54513868
1278,1320,54513872
1276,1319,54513876
1277,1318,54513880
1275,1315,54513884
1276,1316,54513888
1275,1314,54513892
1275,1314,54513896
1274,1315,54513900
1274,1314,54513904
1273,1313,54513908
1273,1313,54513912
1275,1312,54513916
1272,1310,54513920
1271,1314,54513924
1269,1309,54513928
1269,1308,54513932
1270,1309,54513936
1274,1307,54513940
1275,1307,54513944
1276,1307,54513949
1276,1310,54513953
1274,1311,54513957
1275,1310,54513961
1277,1312,54513965
1279,1311,54513969
1282,1310,54513973
1282,1310,54513977
1285,1311,54513981
1286,1308,54513985
1289,1307,54513989
1290,1306,54513993
1289,1303,54513997
1290,1303,54514001
1288,1303,54514005
1289,1305,54514009
1288,1306,54514013
1287,1304,54514017
1283,1307,54514021
1282,1306,54514025
1281,1307,54514029
1282,1306,54514033
1282,1308,54514037
1281,1308,54514041
1279,1305,54514045
1279,1305,54514049
1277,1304,54514053
1276,1303,54514057
1270,1307,54514062
1271,1308,54514066
1270,1304,54514070
1269,1306,54514074
1269,1313,54514078
1269,1315,54514082
1269,1311,54514086
1269,1310,54514090
1269,1312,54514094
1270,1313,54514098
1269,1313,54514102
1270,1315,54514106
1271,1315,54514110
1272,1314,54514114
1271,1315,54514118
1270,1318,54514122
1267,1316,54514126
1267,1318,54514130
1267,1318,54514134
1268,1320,54514138
1271,1319,54514142
1272,1320,54514146
1270,1322,54514150
1271,1322,54514154
1267,1316,54514158
1267,1317,54514162
1267,1318,54514166
1268,1322,54514170
1266,1320,54514174
1266,1322,54514179
1264,1321,54514183
1263,1319,54514187
1264,1316,54514191
1263,1324,54514195
1272,1328,54514199
1278,1339,54514203
1289,1337,54514207
1291,1346,54514211
1289,1352,54514215
1287,1348,54514219
1282,1349,54514223
1280,1353,54514227
1284,1351,54514231
1285,1352,54514235
1277,1358,54514239
1276,1358,54514243
1283,1360,54514247
1283,1360,54514251
1285,1362,54514255
1285,1364,54514259
1284,1366,54514263
1284,1368,54514267
1286,1371,54514271
1288,1370,54514275
1291,1370,54514279
1290,1368,54514283
1285,1371,54514287
1286,1369,54514291
1280,1374,54514296
1280,1373,54514300
1286,1370,54514304
1287,1369,54514308
1284,1372,54514312
1283,1369,54514316
1288,1367,54514320
1288,1367,54514324
1289,1364,54514328
1290,1362,54514332
1291,1360,54514336
1290,1359,54514340
1290,1362,54514344
1290,1364,54514348
1291,1361,54514352
1292,1363,54514356
1290,1364,54514360
1288,1361,54514364
1288,1361,54514368
1287,1361,54514372
1290,1359,54514376
1288,1358,54514380
1289,1358,54514384
1292,1360,54514388
1291,1361,54514392
1292,1360,54514396
1294,1361,54514400
1293,1362,54514404
1293,1362,54514408
1294,1365,54514413
1293,1367,54514417
1292,1366,54514421
1289,1368,54514425
1290,1365,54514429
1289,1366,54514433
1291,1367,54514437
1294,1365,54514441
1295,1366,54514445
1294,1371,54514449
1293,1372,54514453
1298,1371,54514457
1298,1373,54514461
1298,1373,54514465
1298,1375,54514469
1295,1376,54514473
1294,1377,54514477
1294,1378,54514481
1293,1376,54514485
1294,1374,54514489
1295,1376,54514493
1295,1380,54514497
1291,1387,54514501
1287,1399,54514505
1270,1406,54514509
1258,1427,54514513
1260,1441,54514517
1263,1450,54514521
1262,1453,54514525
1266,1449,54514530
1263,1446,54514534
1263,1441,54514538
1261,1440,54514542
1262,1439,54514546
1261,1439,54514550
1265,1438,54514554
1263,1438,54514558
1265,1435,54514562
1264,1437,54514566
1267,1436,54514570
1265,1434,54514574
1267,1434,54514578
1263,1431,54514582
1269,1431,54514586
1268,1428,54514590
1269,1430,54514594
1270,1430,54514598
1269,1427,54514602
1268,1426,54514606
1267,1425,54514610
1267,1423,54514614
1266,1424,54514618
1267,1422,54514622
1268,1426,54514626
1267,1426,54514630
1266,1431,54514634
1267,1429,54514638
1267,1430,54514642
1267,1430,54514647
1265,1430,54514651
1265,1428,54514655
1265,1430,54514659
1264,1430,54514663
1262,1433,54514667
1262,1434,54514671
1261,1434,54514675
1261,1434,54514679
1261,1435,54514683
1261,1436,54514687
1263,1438,54514691
1249,1437,54514695
1233,1450,54514699
1185,1435,54514703
1145,1443,54514707
1107,1427,54514711
1020,1498,54514715
994,1489,54514719
966,1498,54514723
961,1500,54514727
931,1510,54514731
940,1516,54514735
939,1517,54514739
949,1525,54514743
949,1526,54514747
953,1528,54514751
952,1530,54514755
954,1529,54514760
953,1530,54514764
957,1534,54514768
956,1535,54514772
961,1538,54514776
961,1539,54514780
963,1542,54514784
962,1544,54514788
964,1546,54514792
963,1547,54514796
963,1545,54514800
962,1546,54514804
959,1544,54514808
962,1521,54514812
959,1520,54514816
955,1546,54514820
951,1542,54514824
951,1543,54514828
950,1543,54514832
950,1544,54514836
950,1548,54514840
953,1525,54514844
952,1524,54514848
923,1533,54514852
921,1532,54514856
949,1525,54514860
949,1527,54514864
948,1528,54514868
948,1528,54514872
948,1529,54514877
948,1531,54514881
948,1532,54514885
950,1532,54514889
949,1534,54514893
946,1534,54514897
946,1535,54514901
948,1539,54514905
948,1540,54514909
947,1542,54514913
947,1543,54514917
947,1541,54514921
946,1542,54514925
949,1544,54514929
947,1546,54514933
948,1546,54514937
947,1547,54514941
940,1541,54514945
911,1550,54514949
879,1524,54514953
879,1525,54514957
805,1458,54514961
713,1488,54514965
673,1457,54514969
647,1455,54514973
627,1441,54514977
523,1502,54514981
519,1497,54514985
479,1531,54514989
487,1535,54514994
488,1514,54514998
491,1524,54515010
487,1527,54515014
491,1529,54515018
486,1531,54515022
487,1536,54515026
482,1539,54515030
486,1558,54515042
513,1553,54515046
517,1557,54515050
512,1559,54515054
510,1560,54515058
506,1562,54515062
504,1564,54515066
500,1567,54515070
498,1568,54515074
493,1571,54515078
492,1550,54515090
488,1553,54515094
483,1549,54515098
510,1544,54515102
511,1545,54515106
506,1548,54515111
501,1544,54515123
497,1547,54515127
496,1545,54515131
491,1548,54515135
490,1548,54515139
486,1550,54515143
489,1552,54515147
484,1555,54515151
485,1550,54515155
480,1553,54515159
479,1553,54515163
503,1547,54515167
502,1550,54515179
498,1553,54515183
497,1550,54515187
492,1552,54515191
474,1543,54515195
436,1554,54515199
389,1509,54515203
320,1527,54515207
242,1492,54515223
240,1489,54515228
229,1495,54515232
233,1499,54515236
232,1497,54515240
234,1496,54515244
237,1495,54515248
237,1495,54515252
237,1492,54515256
236,1493,54515260
237,1493,54515264
237,1493,54515268
238,1494,54515272
237,1493,54515276
238,1514,54515280
240,1519,54515284
238,1522,54515288
238,1523,54515292
224,1542,54515296
223,1541,54515300
223,1541,54515304
222,1540,54515308
218,1539,54515312
220,1541,54515316
216,1540,54515320
215,1539,54515324
214,1538,54515328
214,1536,54515332
210,1538,54515336
212,1539,54515340
209,1538,54515345
209,1539,54515349
204,1541,54515353
204,1539,54515357
207,1535,54515361
208,1532,54515365
203,1534,54515369
203,1533,54515373
204,1532,54515377
205,1530,54515381
207,1527,54515385
207,1525,54515389
210,1523,54515393
209,1520,54515397
208,1525,54515401
210,1528,54515405
213,1527,54515409
214,1527,54515413
212,1531,54515417
214,1526,54515421
214,1524,54515425
215,1525,54515429
215,1526,54515433
216,1524,54515437
218,1525,54515441
219,1523,54515445
223,1522,54515449
223,1518,54515453
222,1518,54515458
221,1517,54515462
218,1520,54515466
221,1523,54515470
237,1517,54515474
255,1527,54515478
322,1499,54515482
339,1513,54515486
406,1483,54515490
421,1494,54515494
443,1485,54515498
453,1487,54515502
459,1487,54515506
458,1488,54515510
446,1489,54515514
444,1492,54515518
439,1490,54515522
437,1492,54515526
436,1492,54515530
436,1495,54515534
433,1492,54515538
431,1491,54515542
430,1490,54515546
429,1492,54515550
428,1493,54515554
431,1501,54515558
433,1500,54515562
437,1508,54515566
438,1507,54515570
441,1513,54515575
441,1511,54515579
441,1513,54515583
443,1512,54515587
443,1513,54515591
446,1513,54515595
444,1512,54515599
443,1512,54515603
443,1513,54515607
445,1512,54515611
444,1514,54515615
443,1516,54515619
442,1515,54515623
443,1518,54515627
442,1518,54515631
441,1519,54515635
439,1516,54515639
439,1513,54515643
441,1516,54515647
437,1518,54515651
437,1518,54515655
438,1519,54515659
438,1519,54515663
437,1518,54515667
439,1521,54515671
440,1520,54515675
440,1522,54515679
436,1525,54515683
437,1525,54515687
436,1524,54515692
436,1520,54515696
435,1520,54515700
434,1518,54515704
431,1516,54515708
433,1517,54515712
431,1518,54515716
438,1520,54515720
457,1514,54515724
479,1533,54515728
545,1514,54515732
567,1524,54515736
627,1497,54515740
647,1511,54515744
675,1501,54515748
682,1506,54515752
673,1513,54515756
670,1506,54515760
657,1511,54515764
656,1510,54515768
653,1520,54515772
654,1519,54515776
655,1522,54515780
654,1517,54515784
655,1521,54515788
654,1518,54515792
652,1519,54515796
650,1516,54515800
646,1518,54515804
646,1517,54515809
648,1515,54515813
649,1521,54515817
650,1522,54515821
650,1522,54515825
648,1526,54515829
646,1523,54515833
652,1522,54515837
654,1523,54515841
656,1520,54515845
657,1517,54515849
657,1516,54515853
655,1516,54515857
654,1512,54515861
654,1513,54515865
658,1512,54515869
659,1513,54515873
659,1511,54515877
659,1515,54515881
659,1516,54515885
659,1518,54515889
657,1518,54515893
657,1519,54515897
660,1519,54515901
659,1518,54515905
661,1516,54515909
661,1517,54515913
664,1514,54515917
662,1511,54515921
662,1509,54515926
663,1511,54515930
662,1511,54515934
661,1509,54515938
661,1511,54515942
661,1512,54515946
660,1513,54515950
659,1515,54515954
656,1517,54515958
654,1515,54515962
654,1515,54515966
654,1513,54515970
656,1514,54515974
656,1512,54515978
653,1515,54515982
652,1513,54515986
649,1516,54515990
653,1518,54515994
657,1517,54515998
680,1544,54516002
744,1527,54516006
761,1533,54516010
831,1505,54516014
866,1571,54516018
914,1559,54516022
931,1569,54516026
949,1561,54516030
966,1571,54516034
970,1571,54516038
954,1562,54516043
941,1567,54516047
925,1506,54516051
927,1505,54516055
941,1510,54516059
937,1512,54516063
939,1514,54516067
938,1514,54516071
936,1511,54516075
935,1511,54516079
935,1512,54516083
933,1510,54516087
932,1508,54516091
934,1513,54516095
934,1514,54516099
936,1511,54516103
933,1510,54516107
927,1509,54516111
926,1509,54516115
924,1509,54516119
933,1530,54516123
935,1528,54516127
941,1550,54516131
938,1551,54516135
937,1555,54516139
936,1557,54516143
938,1559,54516147
940,1556,54516151
940,1556,54516156
941,1556,54516160
940,1554,54516164
940,1557,54516168
940,1556,54516172
940,1556,54516176
939,1556,54516180
939,1560,54516184
940,1561,54516188
943,1561,54516192
943,1560,54516196
944,1561,54516204
943,1559,54516208
942,1559,54516216
941,1563,54516220
941,1559,54516228
941,1559,54516232
944,1560,54516236
942,1557,54516240
941,1557,54516244
941,1555,54516248
939,1556,54516252
939,1554,54516256
936,1551,54516260
938,1548,54516264
936,1539,54516268
934,1532,54516273
936,1531,54516277
932,1528,54516285
936,1529,54516293
936,1531,54516297
936,1531,54516301
938,1527,54516305
939,1526,54516309
940,1520,54516313
941,1520,54516317
940,1515,54516321
940,1515,54516325
940,1514,54516329
940,1512,54516333
938,1512,54516337
940,1512,54516341
949,1514,54516345
950,1512,54516349
949,1509,54516353
949,1507,54516357
951,1508,54516361
953,1508,54516365
951,1504,54516369
951,1502,54516373
953,1499,54516377
953,1498,54516381
951,1498,54516385
953,1501,54516390
955,1500,54516394
954,1500,54516398
956,1500,54516402
959,1501,54516406
960,1503,54516410
962,1506,54516414
965,1508,54516418
966,1509,54516422
964,1503,54516426
965,1503,54516430
967,1501,54516434
968,1501,54516438
972,1497,54516442
972,1499,54516446
971,1503,54516450
972,1504,54516454
976,1499,54516458
976,1501,54516462
979,1500,54516466
980,1499,54516470
980,1500,54516474
980,1499,54516478
980,1497,54516482
979,1497,54516486
978,1496,54516490
976,1495,54516494
979,1491,54516498
978,1490,54516502
974,1494,54516507
977,1497,54516511
976,1496,54516515
975,1497,54516519
975,1500,54516523
975,1498,54516527
974,1497,54516531
974,1499,54516535
972,1499,54516539
973,1500,54516543
970,1500,54516547
973,1504,54516551
985,1503,54516555
1012,1528,54516559
1086,1504,54516563
1145,1563,54516567
1237,1529,54516571
1264,1546,54516575
1314,1530,54516579
1335,1544,54516583
1347,1543,54516587
1348,1543,54516591
1333,1548,54516595
1329,1548,54516599
1322,1549,54516603
1317,1549,54516607
1313,1551,54516611
1309,1548,54516615
1305,1551,54516619
1302,1551,54516624
1299,1555,54516628
1296,1556,54516632
1289,1558,54516636
1289,1564,54516640
1288,1558,54516644
1286,1556,54516648
1280,1564,54516652
1286,1578,54516656
1280,1579,54516660
1280,1583,54516664
1280,1577,54516668
1279,1577,54516672
1282,1575,54516676
1284,1578,54516680
1282,1583,54516684
1283,1584,54516688
1281,1585,54516692
1282,1585,54516696
1281,1584,54516700
1281,1586,54516704
1280,1585,54516708
1279,1585,54516712
1277,1585,54516716
1277,1586,54516720
1275,1589,54516724
1275,1590,54516728
1272,1589,54516732
1271,1590,54516736
1272,1589,54516741
1274,1587,54516745
1271,1591,54516749
1270,1589,54516753
1269,1589,54516757
1269,1586,54516761
1269,1583,54516765
1269,1582,54516769
1268,1581,54516773
1267,1579,54516777
1265,1579,54516781
1263,1578,54516785
1260,1579,54516789
1246,1568,54516793
1230,1577,54516797
1215,1561,54516801
1202,1569,54516805
1202,1566,54516809
1197,1572,54516813
1202,1575,54516817
1197,1580,54516821
1198,1580,54516825
1203,1578,54516829
1204,1575,54516833
1206,1578,54516837
1207,1578,54516841
1214,1579,54516845
1216,1582,54516849
1214,1586,54516854
1215,1589,54516858
1218,1591,54516862
1220,1591,54516866
1224,1592,54516870
1221,1589,54516874
1224,1589,54516878
1225,1592,54516882
1224,1595,54516886
1226,1598,54516890
1225,1596,54516894
1225,1596,54516898
1230,1593,54516902
1228,1594,54516906
1231,1595,54516910
1232,1596,54516914
1231,1596,54516918
1233,1597,54516922
1230,1599,54516926
1228,1596,54516930
1231,1596,54516934
1233,1598,54516938
1229,1597,54516942
1229,1594,54516946
1233,1594,54516950
1233,1595,54516954
1232,1596,54516958
1233,1596,54516962
1237,1591,54516966
1237,1590,54516971
1238,1590,54516975
1237,1590,54516979
1234,1591,54516983
1234,1591,54516987
1232,1591,54516991
1232,1592,54516995
1227,1595,54516999
1227,1592,54517003
1226,1593,54517007
1227,1591,54517011
1224,1590,54517015
1224,1590,54517019
1225,1587,54517023
1225,1587,54517027
1225,1582,54517031
1225,1582,54517035
1223,1582,54517039
1223,1580,54517043
1223,1579,54517047
1221,1577,54517051
1222,1576,54517055
1220,1575,54517059
1223,1571,54517063
1224,1569,54517067
1225,1568,54517071
1220,1564,54517075
1223,1561,54517079
1224,1561,54517083
1225,1560,54517088
1204,1559,54517092
1186,1583,54517096
1130,1587,54517100
1054,1669,54517104
994,1660,54517108
905,1745,54517112
859,1740,54517116
800,1802,54517120
784,1808,54517124
779,1835,54517128
783,1840,54517132
753,1851,54517136
764,1856,54517140
763,1858,54517144
770,1864,54517156
770,1866,54517160
771,1872,54517164
790,1836,54517168
793,1837,54517172
790,1828,54517176
791,1833,54517180
768,1850,54517184
773,1853,54517188
766,1862,54517192
769,1865,54517196
765,1873,54517200
767,1874,54517205
763,1880,54517209
763,1879,54517213
761,1887,54517217
758,1886,54517221
756,1892,54517225
758,1897,54517229
753,1905,54517233
754,1908,54517237
755,1912,54517241
757,1914,54517245
762,1910,54517249
763,1910,54517253
745,1934,54517257
746,1935,54517261
752,1932,54517265
753,1929,54517269
759,1925,54517273
759,1927,54517277
767,1923,54517281
768,1921,54517285
773,1919,54517289
773,1918,54517293
777,1916,54517297
778,1915,54517301
785,1911,54517305
785,1909,54517309
788,1904,54517313
789,1903,54517317
793,1905,54517322
791,1905,54517326
791,1904,54517330
789,1903,54517334
795,1900,54517338
795,1898,54517342
793,1904,54517346
791,1904,54517350
791,1909,54517354
788,1906,54517358
788,1902,54517362
781,1892,54517366
782,1880,54517370
792,1872,54517374
813,1842,54517378
828,1851,54517382
836,1845,54517386
845,1848,54517390
852,1843,54517394
858,1851,54517398
867,1842,54517402
868,1845,54517406
865,1843,54517410
863,1844,54517414
856,1847,54517418
855,1848,54517422
851,1849,54517426
847,1846,54517430
842,1844,54517434
842,1845,54517439
834,1849,54517443
833,1849,54517447
836,1848,54517451
834,1849,54517455
833,1853,54517459
832,1850,54517463
833,1852,54517467
833,1855,54517471
834,1854,54517475
833,1852,54517479
833,1855,54517483
832,1852,54517487
833,1852,54517491
834,1851,54517495
835,1850,54517499
836,1851,54517503
838,1849,54517507
837,1849,54517511
837,1849,54517515
837,1848,54517519
838,1848,54517523
838,1849,54517527
839,1850,54517531
839,1848,54517535
837,1846,54517539
835,1847,54517543
835,1847,54517547
835,1846,54517552
834,1845,54517556
835,1844,54517560
836,1842,54517564
837,1844,54517568
837,1846,54517572
845,1854,54517576
860,1846,54517580
872,1858,54517584
895,1845,54517588
900,1852,54517592
900,1851,54517596
900,1847,54517600
901,1842,54517604
902,1843,54517608
896,1840,54517612
895,1842,54517616
893,1839,54517620
895,1841,54517624
896,1837,54517628
895,1836,54517632
894,1834,54517636
894,1834,54517640
886,1831,54517644
887,1833,54517648
885,1832,54517652
884,1833,54517656
878,1834,54517660
880,1835,54517664
881,1834,54517669
879,1831,54517673
878,1832,54517677
870,1827,54517681
870,1829,54517685
870,1829,54517689
873,1827,54517693
874,1826,54517697
877,1828,54517701
876,1826,54517705
876,1827,54517709
870,1824,54517713
869,1823,54517717
871,1828,54517721
870,1826,54517725
872,1827,54517729
877,1825,54517733
879,1824,54517737
881,1822,54517741
872,1829,54517745
877,1830,54517749
878,1830,54517753
882,1831,54517757
883,1831,54517761
880,1826,54517765
871,1793,54517769
873,1766,54517773
859,1664,54517777
839,1583,54517781
841,1492,54517786
820,1416,54517790
823,1343,54517794
812,1276,54517798
812,1225,54517802
802,1179,54517806
806,1153,54517810
786,1127,54517814
794,1116,54517818
794,1115,54517822
795,1123,54517826
796,1120,54517830
795,1119,54517834
798,1113,54517838
798,1110,54517842
792,1105,54517846
791,1100,54517850
794,1085,54517854
792,1085,54517858
798,1079,54517862
796,1081,54517866
808,1076,54517870
804,1076,54517874
803,1071,54517878
799,1069,54517882
804,1065,54517886
798,1052,54517890
808,1048,54517894
800,1045,54517898
810,1045,54517903
797,1044,54517907
823,1043,54517911
808,1052,54517915
829,1052,54517919
820,1044,54517923
837,1039,54517927
